iter	Logloss
0	0.6890369528
1	0.6834321485
2	0.6808376393
3	0.6772214994
4	0.6747459701
5	0.6722112728
6	0.6684035933
7	0.6653875037
8	0.6623490088
9	0.6600944422
